hotel,accuracy,positive_rate,error_rate
0,0.9950900163666121,0.41080196399345337,0.004909983633387904
1,0.9907407407407407,0.2345679012345679,0.0092592592592593
